Category,Product Name,Description,Price,Tags,Use Cases,Benefits,Image Hints
Electronics,Wireless Bluetooth Headphones,Premium over-ear headphones with active noise cancellation and 30-hour battery life.,$149.99,"bluetooth, audio, wireless, noise-canceling","Travel, commuting, work-from-home, music listening","Enhanced audio quality, wireless freedom, long battery life, comfortable fit",black headphones with cushioned ear cups
Electronics,4K Smart TV 55-inch,Ultra HD smart television with HDR support and built-in streaming apps.,$599.99,"television, 4K, smart-TV, entertainment","Home entertainment, movie watching, gaming, streaming","Crystal-clear picture, smart features, multiple HDMI ports, energy efficient",large flat-screen TV mounted on wall
Electronics,Laptop Stand Aluminum,Ergonomic adjustable laptop stand with cooling ventilation design.,$39.99,"desk-accessory, ergonomic, aluminum, laptop","Office setup, remote work, posture improvement","Better posture, improved airflow, sleek design, portable",silver metallic laptop stand on desk
Electronics,Wireless Charging Pad,Fast wireless charging station compatible with all Qi-enabled devices.,$29.99,"charging, wireless, phone-accessory, Qi","Desk charging, bedside charging, office use","Cable-free convenience, fast charging, universal compatibility",circular black charging pad with phone
Electronics,Portable Power Bank 20000mAh,High-capacity portable charger with dual USB ports and LED display.,$49.99,"battery, portable, charging, travel","Travel, emergency backup, outdoor activities, daily commute","Multiple charges, fast charging, LED indicator, compact design",sleek black power bank with digital display
Large Appliances,French Door Refrigerator,Energy-efficient 25 cu ft refrigerator with ice maker and water dispenser.,"$1,899.99","refrigerator, kitchen, energy-star, appliance","Food storage, daily kitchen use, family households","Large capacity, energy savings, fresh food preservation, modern design",stainless steel refrigerator with French doors
Large Appliances,Front Load Washing Machine,High-efficiency washer with steam cleaning and 15 wash cycles.,$899.99,"washer, laundry, energy-efficient, steam","Laundry care, household cleaning, fabric maintenance","Water efficiency, gentle on fabrics, quiet operation, multiple settings",white front-loading washing machine
Large Appliances,Gas Range with Convection Oven,Professional-grade 5-burner gas range with convection baking technology.,"$1,299.99","stove, oven, cooking, gas-range","Home cooking, baking, meal preparation","Even cooking, precise temperature control, large capacity, durable",stainless steel gas range with five burners
Large Appliances,Built-in Dishwasher,Quiet operation dishwasher with third rack and adjustable tines.,$749.99,"dishwasher, kitchen, cleaning, quiet","Dish cleaning, kitchen maintenance, daily use","Time-saving, water efficient, quiet performance, flexible loading",stainless steel dishwasher with open door
Large Appliances,Upright Freezer 21 cu ft,Frost-free upright freezer with adjustable shelves and door alarm.,$799.99,"freezer, storage, frost-free, kitchen","Food preservation, bulk storage, long-term freezing","Spacious storage, frost-free convenience, organized shelving, energy efficient",white upright freezer with glass shelves
Clothing,Men's Performance T-Shirt,Moisture-wicking athletic shirt with anti-odor technology and UV protection.,$24.99,"activewear, men, athletic, polyester","Gym workouts, running, sports, outdoor activities","Breathable fabric, quick-dry, comfortable fit, odor control",blue athletic t-shirt on mannequin
Clothing,Women's Yoga Leggings,High-waisted compression leggings with pocket and four-way stretch fabric.,$39.99,"activewear, women, yoga, compression","Yoga, fitness classes, running, casual wear","Flexible movement, secure fit, pocket storage, flattering design",black leggings with side pocket detail
Clothing,Unisex Fleece Hoodie,Soft cotton-blend hoodie with kangaroo pocket and adjustable drawstring.,$44.99,"casual, hoodie, fleece, unisex","Casual wear, layering, outdoor activities, lounging","Warmth, comfort, versatile style, durable construction",gray hoodie with drawstring hood
Clothing,Winter Puffer Jacket,Insulated water-resistant jacket with removable hood and multiple pockets.,$129.99,"outerwear, winter, insulated, jacket","Cold weather, outdoor winter activities, daily commute","Warmth retention, weather protection, lightweight insulation, functional pockets",black puffer jacket with hood
Clothing,Classic Denim Jeans,Premium stretch denim jeans with reinforced stitching and five-pocket design.,$59.99,"denim, jeans, casual, cotton-blend","Everyday wear, casual outings, versatile wardrobe staple","Durable fabric, comfortable stretch, timeless style, quality construction",blue denim jeans folded on surface
Luggage,Hard Shell Carry-On Spinner,TSA-approved 20-inch luggage with 360-degree spinner wheels and combination lock.,$99.99,"carry-on, travel, spinner, hardshell","Air travel, weekend trips, business travel","Durable protection, smooth rolling, lightweight, secure locking",navy blue hardshell suitcase with four wheels
Luggage,Travel Backpack 40L,Water-resistant travel backpack with laptop compartment and USB charging port.,$79.99,"backpack, travel, laptop, water-resistant","International travel, daily commute, hiking, student use","Versatile storage, tech-friendly, comfortable straps, organized compartments",black travel backpack with multiple pockets
Luggage,Rolling Duffel Bag,Heavy-duty wheeled duffel with telescoping handle and multiple storage pockets.,$89.99,"duffel, wheeled, travel, heavy-duty","Sports trips, gym use, long trips, equipment transport","Large capacity, easy transport, durable materials, flexible storage",black rolling duffel bag with extended handle
Luggage,Packing Cubes Set of 4,Compression packing organizers in various sizes with mesh top and durable zippers.,$29.99,"organizer, packing, travel-accessory, compression","Luggage organization, efficient packing, travel preparation","Space-saving, organized packing, easy visibility, lightweight",colorful packing cubes in different sizes
Luggage,Checked Luggage 28-inch,Expandable hard-side suitcase with reinforced corners and interior dividers.,$149.99,"checked-bag, large, expandable, hardside","Extended trips, family vacations, long-term travel","Maximum capacity, expandable design, damage protection, organized interior",silver large suitcase standing upright
Cleaning,Cordless Vacuum Cleaner,Lightweight stick vacuum with HEPA filtration and 40-minute runtime.,$249.99,"vacuum, cordless, HEPA, cleaning","Floor cleaning, quick cleanups, pet hair removal, allergy control","Powerful suction, versatile use, easy storage, allergen filtration",red cordless vacuum standing upright
Cleaning,Microfiber Cleaning Cloths 24-Pack,Reusable lint-free cloths for streak-free cleaning on all surfaces.,$19.99,"microfiber, cleaning-cloth, reusable, lint-free","Household cleaning, car detailing, glass cleaning, dusting","Streak-free results, reusable, chemical-free cleaning, multi-surface use",stack of colorful microfiber cloths
Cleaning,Steam Mop with Attachments,Multi-surface steam cleaner with washable pads and adjustable steam settings.,$79.99,"steam-mop, floor-cleaner, sanitizing, chemical-free","Floor sanitizing, grout cleaning, hard floor maintenance","Chemical-free cleaning, kills bacteria, versatile attachments, quick heat-up",white steam mop on hardwood floor
Cleaning,Robot Vacuum with Mapping,"Smart robot vacuum with app control, virtual boundaries, and auto-charging.",$299.99,"robot-vacuum, smart, automated, Wi-Fi","Automated cleaning, scheduled maintenance, pet hair collection","Hands-free operation, intelligent navigation, scheduled cleaning, app control",black circular robot vacuum on floor
Cleaning,All-Purpose Cleaning Spray Set,Eco-friendly cleaning solution bundle with reusable spray bottles.,$24.99,"cleaning-solution, eco-friendly, spray, multi-surface","Kitchen cleaning, bathroom sanitizing, general household cleaning","Non-toxic formula, effective cleaning, pleasant scent, environmentally safe",three spray bottles with cleaning solutions